Définition mots croisés ,Mot à trouver,Commentaires
1er geste de Kali,Ours,
Dieu des cafards ,Zeus,
Grosse menteuse de bière ,Mythos,
Nos SIF à l'envers ,Sifnos,
Parole de feu à nyc ,Wait,
Effigie de sceptre ,Tex,
Ascension de Sainte Lucie,Monte monte ,
Hélas y en a pas ,Plaka,
Feeleur d'island dans son algue,Makis,
"Si on ne compte pas la mer, 4 font 1",Doigt,
Et soudain la mouette lusophone,gaivota,
And suddenly Sophie Maupu ,boum,
Sure d'elle au mariage ,Dowell ,
Coussin aux yeux verts,Eva Green,
Gauloise grillée à l'opéra mais surtout à l'Ibis ,Sandra Bondon,
Mauvais acteur ,Cadiou,
Renard canadien ,Jules,
Grand mère qui doit jeter sa pâte a dents ,Monique,
Et l'AVC fit le rongeur,Bunny ,
Gaffe à ta banane… ?,Madeleine ,
Profession de menteuse,Saucissier ,
 That's not even a word ,Transponster ,
Canon ou Hortons,Tim,
Saint Hubert pas 41 ,poulet,
À t elle pris sa claque ? ,Justine,
Thermostat de plage ,huit,
Pervenche mit à l'amende ,Marc Lafleur,"Mets bien ""mit"" avec un ""t"" et non un ""s"""
Mets de CLC ,thon mayo,
Sclaguiller (à NY ou à la gym),Scarlett,A recouper avec plusieurs mots
Qui est cet homme sur la photo ?,Fab,
Tu connais cet humoriste ? ,Desproges,
Bar qui mit au ban le ban ,L'alibi,
Tic tac bières ,Horloge,
Le supplice du roux,HT bichette,
Joey ! It's a snail !,Schneck,
Tu as un slip qui irait hyper bien avec leurs volets,Bleu,
Insistance de taxi,Albania ,
Place de taxis ,PDV,
Plaque qui pose une plaque ,Rotolo ,
Prosecco chaud ,Ruinart ,
Pikachu californien,Putah creek ,A recouper avec plusieurs mots
On dit que c'est la merde là bas ,St Malo,
Importante mission,Baptiste,
Point de discorde en mémoire ,Point virgule ,
Le plus insistant des Ben ,Rhomdane ,A recouper avec plusieurs mots
pays sans film,Georgie ,
Bout de ligne,esseptionnel,
Ni noire ni sosie ,Blanche Gardin,
Meilleur par 40°,Cassoulet,
Tu veux accoucher mal entendu,Brushing,A recouper avec plusieurs mots